// identity	declaration_kind	authority	initialization	extent_alignment	lifetime_ownership	generation	terminal_protocol	catalog_contract
core.storage	namespace	sealed-ordinary-wyst	closed-transition-surface	exact-caller-backing	explicit-affine-authority	explicit-generation	all-authorities-accounted	-
core.storage.StorageUse	ordinary-enum	policy-value	na:not-storage	na:not-storage	copyable-value	na:not-generational	none	wyst.storage.use
core.storage.InitializationEvidence	ordinary-enum	evidence-value	closed-evidence	na:not-storage	copyable-value	na:not-generational	none	wyst.storage.initialization-evidence
core.storage.StorageIdentity	opaque-struct	identity-token	na:not-storage	exact-address-derived	copyable-value	na:not-generational	none	wyst.storage.identity
core.storage.DirectReserveFailure	ordinary-enum	failure-reason	na:not-storage	range-or-alignment	copyable-value	na:not-generational	none	wyst.storage.direct-reserve-failure
core.storage.FixedBufferAttachFailure	ordinary-enum	failure-reason	na:not-storage	extent	copyable-value	na:not-generational	none	wyst.storage.fixed-buffer-attach-failure
core.storage.InitializationFailure	ordinary-enum	failure-reason	initialization-state	length-or-alignment	copyable-value	identity-generation-sequence	none	wyst.storage.initialization-failure
core.storage.FixedBuffer	opaque-must-account	exclusive-backing-owner	caller-initialized-bytes	exact-backing	provider-loan	carried	reclassify|close|arena-transfer|slot-pool-transfer	wyst.storage.fixed-buffer
core.storage.DestinationReservation	opaque-must-account	destination-transaction	raw-destination	checked-subrange	exclusive-fixed-buffer-loan	carried	initialize|explicit-abandon	wyst.storage.destination-reservation
core.storage.InitializedDestination	opaque-must-account	initialized-transaction	proved-or-asserted	exact-reservation	exclusive-fixed-buffer-loan	carried	finish|explicit-abandon	wyst.storage.initialized-destination
core.storage.WrittenRegion	opaque-must-account	written-region-owner	proved-or-asserted	exact-reservation	fixed-buffer-region-loan	carried	view|close	wyst.storage.written-region
core.storage.DestinationInitializationRejected	ordinary-struct	authority-recovery	raw-destination	exact-reservation	returns-reservation	carried	recover-reservation	wyst.storage.destination-initialization-rejected
core.storage.storage_identity_bits	ordinary-function	projection	unchanged	na:not-storage	read-only	na:not-generational	none	wyst.storage.projection
core.storage.fixed_buffer_capacity	ordinary-function	projection	unchanged	exact-capacity	read-only	carried	none	wyst.storage.projection
core.storage.fixed_buffer_identity	ordinary-function	projection	unchanged	exact-identity	read-only	carried	none	wyst.storage.projection
core.storage.fixed_buffer_generation	ordinary-function	projection	unchanged	na:not-storage	read-only	carried	none	wyst.storage.projection
core.storage.fixed_buffer_storage_use	ordinary-function	projection	unchanged	na:not-storage	read-only	carried	none	wyst.storage.projection
core.storage.FixedBuffer.attach	ordinary-function	attach-transition	caller-initialized-bytes	full-extent-checked	borrows-caller-backing	initial	fixed-buffer|typed-failure	wyst.storage.fixed-buffer.attach
core.storage.fixed_buffer_reclassify	ordinary-function	reclassify-transition	unchanged	exact-backing	consumes-and-returns-buffer	preserved	fixed-buffer	wyst.storage.fixed-buffer.reclassify
core.storage.fixed_buffer_close	ordinary-function	close-transition	unchanged	exact-backing	consumes-buffer	preserved	closed	wyst.storage.fixed-buffer.close
core.storage.FixedBuffer.reserve	ordinary-function	reserve-transition	raw-destination	raw-range-and-selected-address-alignment-checked	exclusive-buffer-loan	preserved	reservation|typed-failure	wyst.storage.fixed-buffer.reserve
core.storage.destination_initialize_zero	ordinary-function	initialize-transition	zeroed	exact-reservation	consumes-reservation	preserved	initialized-destination	wyst.storage.destination.zero
core.storage.destination_initialize_from	ordinary-function	initialize-transition	copied	exact-length	consumes-or-recovers-reservation	preserved	initialized|recover	wyst.storage.destination.copy
core.storage.destination_assume_initialized	ordinary-function	trusted-initialize-transition	programmer-asserted	exact-reservation	consumes-reservation	preserved	initialized-destination	wyst.storage.destination.assume
core.storage.DestinationReservation.initialize_value	ordinary-generic-function	initialize-transition	typed-value	exact-size-and-alignment	consumes-or-recovers-reservation	preserved	initialized|recover	wyst.storage.destination.typed-value
core.storage.InitializedDestination.finish	ordinary-function	commit-transition	preserved-evidence	exact-reservation	consumes-initialized	preserved	written-region	wyst.storage.destination.finish
core.storage.WrittenRegion.view	ordinary-function	view-transition	initialized-only	exact-region	borrowed-from-region	preserved	view	wyst.storage.written.view
core.storage.written_region_close	ordinary-function	close-transition	unchanged	exact-region	consumes-region	preserved	closed	wyst.storage.written.close
core.storage.ResetSanitization	ordinary-enum	policy-value	reset-sanitation	na:not-storage	copyable-value	na:not-generational	none	wyst.storage.reset-sanitization
core.storage.ArenaIncarnation	opaque-must-account	attachment-incarnation	provider-asserted-fresh	na:not-storage	affine-provider-token	non-repeating	exactly-one-arena-attach	wyst.storage.arena-incarnation
core.storage.ArenaFacts	ordinary-struct	authenticated-snapshot	explicit-state	exact-byte-counts	copyable-value	carried	none	wyst.storage.arena-facts
core.storage.ArenaFailure	ordinary-enum	failure-reason	atomic-transition-state	extent-or-capacity	copyable-value	identity-generation-sequence	none	wyst.storage.arena-failure
core.storage.Arena	opaque-must-account	exclusive-arena-owner	initialized-regions-only	exact-backing-ledger	owns-fixed-buffer	current	detach|abandon-storage	wyst.storage.arena
core.storage.ArenaRegion	opaque-generic-struct	typed-validation-token	initialized	exact-recorded-range	arena-owned-region	validated	revalidate-only	wyst.storage.arena-region
core.storage.ArenaByteRegion	opaque-struct	byte-validation-token	initialized	exact-recorded-range	arena-owned-region	validated	revalidate-only	wyst.storage.arena-byte-region
core.storage.Checkpoint	opaque-must-account	checkpoint-authority	unchanged	exact-ledger-snapshot	arena-checkpoint-loan	validated	keep|rewind	wyst.storage.checkpoint
core.storage.CheckpointRejected	ordinary-struct	authority-recovery	unchanged	exact-ledger-snapshot	returns-checkpoint	validated	recover-checkpoint	wyst.storage.checkpoint-rejected
core.storage.ArenaDetachRejected	ordinary-struct	authority-recovery	unchanged	exact-backing	returns-arena	current	recover-arena	wyst.storage.arena-detach-rejected
core.storage.arena_facts	ordinary-function	projection	reported	exact-accounting	read-only	current	none	wyst.storage.arena.facts
core.storage.arena_incarnation_assert_fresh	ordinary-function	trusted-incarnation-assertion	provider-asserted-fresh	na:not-storage	returns-affine-token	non-repeating	arena-attach	wyst.storage.arena-incarnation.assert-fresh
core.storage.Arena.attach	ordinary-function	attach-transition	unchanged	exact-backing	consumes-fixed-buffer-and-incarnation	provider-selected	arena	wyst.storage.arena.attach
core.storage.arena_allocate_zero	ordinary-function	atomic-recorded-allocation	zeroed	checked-alignment-extent-capacity	borrows-arena-and-preserves-live-views	current	byte-region|typed-failure	wyst.storage.arena.allocate-zero
core.storage.arena_allocate_from	ordinary-function	atomic-recorded-allocation	copied	checked-alignment-extent-capacity	borrows-arena-and-preserves-live-views	current	byte-region|typed-failure	wyst.storage.arena.allocate-copy
core.storage.Arena.allocate_value	ordinary-generic-function	atomic-direct-allocation	typed-value	exact-size-and-alignment	returns-success-payload-view-from-arena-and-preserves-live-views	current	typed-view|typed-failure	wyst.storage.arena.allocate-typed-value
core.storage.arena_allocate_region_value	ordinary-generic-function	atomic-recorded-allocation	typed-value	exact-size-and-alignment	borrows-arena-and-preserves-live-views	current	typed-region|typed-failure	wyst.storage.arena.allocate-region-typed-value
core.storage.arena_view	ordinary-generic-function	validate-transition	initialized-only	exact-recorded-type-range	returns-success-payload-view-from-arena-and-preserves-live-views	validated	typed-view|typed-failure	wyst.storage.arena.view
core.storage.arena_view_bytes	ordinary-function	validate-transition	initialized-only	exact-recorded-range	returns-success-payload-view-from-arena-and-preserves-live-views	validated	byte-view|typed-failure	wyst.storage.arena-byte-region.view
core.storage.Arena.checkpoint	ordinary-function	checkpoint-transition	unchanged	exact-ledger-snapshot	borrows-arena-and-preserves-live-views	current	checkpoint|typed-failure	wyst.storage.arena.checkpoint
core.storage.arena_keep_checkpoint	ordinary-function	checkpoint-transition	unchanged	exact-ledger-snapshot	consumes-or-recovers-checkpoint-and-preserves-live-views	validated	facts|recover	wyst.storage.arena.keep-checkpoint
core.storage.Arena.rewind	ordinary-function	reclaim-transition	unchanged	exact-ledger-snapshot	consumes-or-recovers-checkpoint	validated	facts|recover	wyst.storage.arena.rewind-checkpoint
core.storage.arena_reset	ordinary-function	reset-transition	sanitize-preserve-or-zero	exact-full-backing	borrows-arena	advance-or-reject	facts|typed-failure	wyst.storage.arena.reset
core.storage.Arena.detach	ordinary-function	detach-transition	preserved	exact-full-backing	consumes-or-recovers-arena	advance-or-reject	fixed-buffer|recover	wyst.storage.arena.detach
core.storage.Arena.abandon_storage	ordinary-function	abandon-transition	unchanged	exact-full-backing	consumes-arena	current	abandoned	wyst.storage.arena.abandon-storage
core.storage.SlotPoolIncarnation	opaque-must-account	attachment-token	na:not-storage	na:not-storage	affine-provider-token	non-repeating	attach|explicit-abandon	wyst.storage.slot-pool-incarnation
core.storage.SlotPool	opaque-generic-must-account	exclusive-backing-owner	published-slots-only	fixed-capacity-aligned-slots	provider-loan	per-slot	detach|explicit-abandon	wyst.storage.slot-pool
core.storage.SlotHandle	opaque-generic-struct	typed-validation-token	published-only	exact-slot-index	pool-owned-slot	identity-incarnation-index-generation	revalidate-only	wyst.storage.slot-handle
core.storage.SlotPoolFacts	ordinary-struct	accounting-value	reported	live-free-retired-metadata-unused	copyable-value	reported	none	wyst.storage.slot-pool-facts
core.storage.SlotPoolFailure	ordinary-enum	failure-reason	unchanged	na:not-storage	copyable-value	reported	none	wyst.storage.slot-pool-failure
core.storage.SlotPoolAttachRejected	ordinary-struct	authority-recovery	unchanged	exact-backing	returns-buffer-and-incarnation	unchanged	recover-authorities	wyst.storage.slot-pool-attach-rejected
core.storage.SlotPoolDetachRejected	ordinary-generic-struct	authority-recovery	unchanged	exact-backing	returns-pool	unchanged	recover-pool	wyst.storage.slot-pool-detach-rejected
core.storage.slot_pool_incarnation_assert_fresh	ordinary-function	trusted-incarnation-assertion	provider-asserted-fresh	na:not-storage	returns-affine-token	non-repeating	slot-pool-attach	wyst.storage.slot-pool-incarnation.assert-fresh
core.storage.slot_pool_facts	ordinary-generic-function	projection	reported	exact-accounting	read-only	current	none	wyst.storage.slot-pool.facts
core.storage.SlotPool.attach	ordinary-generic-function	attach-transition	initializes-metadata-only	checked-size-alignment-capacity	consumes-or-recovers-buffer-and-incarnation	starts-at-one	pool|recover	wyst.storage.slot-pool.attach
core.storage.slot_pool_allocate	ordinary-generic-function	atomic-slot-allocation	typed-value-before-publication	fixed-aligned-slot	borrows-pool	current	typed-handle|typed-failure	wyst.storage.slot-pool.allocate
core.storage.slot_pool_view	ordinary-generic-function	validate-transition	live-only	exact-slot-type-range	returns-success-payload-view-from-pool	identity-incarnation-index-live-generation	typed-view|typed-failure	wyst.storage.slot-pool.view
core.storage.slot_pool_release	ordinary-generic-function	release-transition	preserved-inaccessible-bytes	exact-slot	borrows-pool-invalidates-views	advance-or-retire	facts|typed-failure	wyst.storage.slot-pool.release
core.storage.SlotPool.detach	ordinary-generic-function	detach-transition	preserved	exact-full-backing	consumes-or-recovers-empty-pool	fresh-incarnation-required-on-reattach	buffer|recover	wyst.storage.slot-pool.detach
core.storage.SlotPool.abandon_storage	ordinary-generic-function	abandon-transition	unchanged	exact-full-backing	consumes-pool	unchanged	abandoned	wyst.storage.slot-pool.abandon-storage
core.storage.SlotMap	opaque-generic-must-account	exclusive-population-owner	published-members-only	pool-backing	owns-slot-pool	per-slot	detach|explicit-abandon	wyst.storage.slot-map
core.storage.SlotMapFacts	ordinary-struct	accounting-value	reported	population-and-pool-accounting	copyable-value	reported	none	wyst.storage.slot-map-facts
core.storage.SlotMapEntry	ordinary-generic-struct	iteration-value	live-value-copy	slot-index-order	copyable-value	revalidate-slot-on-access	none	wyst.storage.slot-map-entry
core.storage.SlotMapInsertFailure	ordinary-generic-enum	failure-reason	unchanged	na:not-storage	copyable-value	unchanged	none	wyst.storage.slot-map-insert-failure
core.storage.SlotMapDetachRejected	ordinary-generic-struct	authority-recovery	unchanged	exact-backing	returns-map	unchanged	recover-map	wyst.storage.slot-map-detach-rejected
core.storage.SlotMap.attach	ordinary-generic-function	attach-transition	initializes-pool-metadata-only	checked-size-alignment-capacity	consumes-or-recovers-buffer-and-incarnation	starts-at-one	map|recover	wyst.storage.slot-map.attach
core.storage.slot_map_facts	ordinary-generic-function	projection	reported	exact-population-and-pool-counts	read-only	current	none	wyst.storage.slot-map.facts
core.storage.slot_map_insert	ordinary-generic-function	insert-transition	typed-value-before-publication	first-free-slot	borrows-map	current	typed-handle|typed-failure	wyst.storage.slot-map.insert
core.storage.slot_map_insert_with	ordinary-generic-function	initialize-insert-transition	fallible-initializer-before-pool-write	capacity-check-before-initializer	borrows-map	current	typed-handle|storage-or-initialization-failure	wyst.storage.slot-map.insert-with
core.storage.slot_map_view	ordinary-generic-function	validate-transition	live-only	exact-slot-type-range	returns-success-payload-view-from-map	identity-incarnation-index-live-generation	typed-view|typed-failure	wyst.storage.slot-map.view
core.storage.slot_map_get	ordinary-generic-function	checked-copy	live-only	exact-slot-type-range	borrows-map	identity-incarnation-index-live-generation	value|typed-failure	wyst.storage.slot-map.get
core.storage.slot_map_remove	ordinary-generic-function	remove-transition	preserved-inaccessible-bytes	exact-slot	borrows-map-invalidates-views	advance-or-retire	removed-value|typed-failure	wyst.storage.slot-map.remove
core.storage.slot_map_next	ordinary-generic-function	iterate-transition	live-value-copy	increasing-slot-index	borrows-map	current	entry|none	wyst.storage.slot-map.next
core.storage.slot_map_clear	ordinary-generic-function	clear-transition	preserved-inaccessible-bytes	all-live-slots	borrows-map-invalidates-views	advance-or-retire	empty-map-facts	wyst.storage.slot-map.clear
core.storage.SlotMap.detach	ordinary-generic-function	detach-transition	preserved	exact-full-backing	consumes-or-recovers-empty-map	fresh-incarnation-required-on-reattach	buffer|recover	wyst.storage.slot-map.detach
core.storage.SlotMap.abandon_storage	ordinary-generic-function	abandon-transition	unchanged	exact-full-backing	consumes-map	unchanged	abandoned	wyst.storage.slot-map.abandon-storage
core.storage.RingBuffer	opaque-generic-must-account	exclusive-backing-owner	logical-members-only	typed-caller-capacity	caller-backing-loan	na:not-generational	close	wyst.storage.ring-buffer
core.storage.RingBufferFacts	ordinary-struct	accounting-value	reported	capacity-length-head	copyable-value	na:not-generational	none	wyst.storage.ring-buffer-facts
core.storage.RingBufferSpans	ordinary-generic-struct	borrowed-views	logical-members-only	at-most-two-spans	exclusive-ring-loan	na:not-generational	none	wyst.storage.ring-buffer-spans
core.storage.RingBufferEntry	ordinary-generic-struct	iteration-value	logical-member-copy	logical-index-order	copyable-value	na:not-generational	none	wyst.storage.ring-buffer-entry
core.storage.RingBufferCopyFailure	ordinary-struct	failure-reason	unchanged	required-and-available	copyable-value	na:not-generational	none	wyst.storage.ring-buffer-copy-failure
core.storage.RingBuffer.attach	ordinary-generic-function	attach-transition	initialized-typed-backing-empty-membership	exact-slice-capacity	exclusive-backing-loan	na:not-generational	ring	wyst.storage.ring-buffer.attach
core.storage.ring_buffer_facts	ordinary-generic-function	projection	reported	capacity-length-head	read-only	na:not-generational	none	wyst.storage.ring-buffer.facts
core.storage.ring_buffer_push_back	ordinary-generic-function	insert-transition	typed-write-before-membership	fixed-capacity	exclusive-ring-loan	na:not-generational	accepted|returned-value	wyst.storage.ring-buffer.push-back
core.storage.ring_buffer_push_front	ordinary-generic-function	insert-transition	typed-write-before-membership	fixed-capacity	exclusive-ring-loan	na:not-generational	accepted|returned-value	wyst.storage.ring-buffer.push-front
core.storage.ring_buffer_pop_front	ordinary-generic-function	remove-transition	copy-then-remove-membership	fixed-capacity	exclusive-ring-loan	na:not-generational	value|absent	wyst.storage.ring-buffer.pop-front
core.storage.ring_buffer_pop_back	ordinary-generic-function	remove-transition	copy-then-remove-membership	fixed-capacity	exclusive-ring-loan	na:not-generational	value|absent	wyst.storage.ring-buffer.pop-back
core.storage.ring_buffer_overwrite_back	ordinary-generic-function	explicit-overwrite	typed-write-before-membership	fixed-capacity	exclusive-ring-loan	na:not-generational	evicted|inserted|returned-value	wyst.storage.ring-buffer.overwrite-back
core.storage.ring_buffer_overwrite_front	ordinary-generic-function	explicit-overwrite	typed-write-before-membership	fixed-capacity	exclusive-ring-loan	na:not-generational	evicted|inserted|returned-value	wyst.storage.ring-buffer.overwrite-front
core.storage.ring_buffer_front	ordinary-generic-function	view-transition	logical-member-only	one-element	exclusive-ring-loan	na:not-generational	view|absent	wyst.storage.ring-buffer.front
core.storage.ring_buffer_back	ordinary-generic-function	view-transition	logical-member-only	one-element	exclusive-ring-loan	na:not-generational	view|absent	wyst.storage.ring-buffer.back
core.storage.ring_buffer_spans	ordinary-generic-function	view-transition	logical-members-only	at-most-two-spans	exclusive-ring-loan	na:not-generational	none	wyst.storage.ring-buffer.spans
core.storage.ring_buffer_next	ordinary-generic-function	iteration	logical-member-copy	logical-index-order	read-only	na:not-generational	value|absent	wyst.storage.ring-buffer.next
core.storage.ring_buffer_clear	ordinary-generic-function	clear-transition	empty-membership-preserved-bytes	fixed-capacity	exclusive-ring-loan	na:not-generational	none	wyst.storage.ring-buffer.clear
core.storage.ring_buffer_linearize	ordinary-generic-function	explicit-copy	initialized-prefix	checked-destination-capacity	shared-ring-and-exclusive-destination	na:not-generational	view|failure	wyst.storage.ring-buffer.linearize
core.storage.ring_buffer_close	ordinary-generic-function	close-transition	preserved-bytes	full-backing	consumes-ring	na:not-generational	closed	wyst.storage.ring-buffer.close
core.storage.SpscPermanentBacking	opaque-struct	trusted-permanent-backing	provider-initialized	checked-extent	affine-provider-token	initial	attach|retain-permanently	wyst.storage.SpscPermanentBacking
core.storage.SpscRing	opaque-generic-struct	attached-ring	metadata-initialized	128-byte-alignment-and-capacity	affine-permanent-storage	non-wrapping	split|retain-permanently	wyst.storage.SpscRing
core.storage.SpscProducer	opaque-generic-struct	single-producer	published-slots-only	fixed-capacity	affine-owner-endpoint	checked	close|retain-permanently	wyst.storage.SpscProducer
core.storage.SpscConsumer	opaque-generic-struct	single-consumer	acquired-slots-only	fixed-capacity	affine-owner-endpoint	checked	drain-finish|retain-permanently	wyst.storage.SpscConsumer
core.storage.SpscPush	ordinary-generic-enum	push-outcome	accepted-only	one-scalar	value-copy	na:not-generational	accepted|full-value|closed-value	wyst.storage.SpscPush
core.storage.SpscPop	ordinary-generic-enum	pop-outcome	acquired-slot	one-scalar	value-copy	na:not-generational	value|empty-open|drained-closed	wyst.storage.SpscPop
core.storage.SpscAttachRejected	ordinary-struct	backing-recovery	unchanged	rejected-capacity-or-alignment	returns-backing	unchanged	retry|retain-permanently	wyst.storage.SpscAttachRejected
core.storage.spsc_assert_permanent	ordinary-function	trusted-permanent-assertion	provider-initialized	overflow-checked	exclusive-boot-lifetime-provider-contract	first-admission-only	backing|invalid-extent	wyst.storage.spsc_assert_permanent
core.storage.SpscClosedProducer	opaque-generic-struct	closed-producer-receipt	published-close	same-ring	affine-receipt	carried	reset|retain-permanently	wyst.storage.SpscClosedProducer
core.storage.SpscClosedConsumer	opaque-generic-struct	drained-consumer-receipt	acquired-close-and-tail	same-ring	affine-receipt	carried	reset|retain-permanently	wyst.storage.SpscClosedConsumer
core.storage.SpscFinishRejected	ordinary-generic-struct	consumer-recovery	unchanged	same-ring	returns-consumer	carried	continue-draining|retain-permanently	wyst.storage.SpscFinishRejected
core.storage.SpscResetRejected	ordinary-generic-struct	receipt-recovery	unchanged	same-ring	returns-both-receipts	mismatch-or-exhaustion	retry|retain-permanently	wyst.storage.SpscResetRejected
core.storage.SpscBatchState	ordinary-enum	batch-outcome	accepted-prefix	bounded-batch	copyable-value	na:not-generational	complete|full|empty|closed	wyst.storage.SpscBatchState
core.storage.SpscPushBatch	ordinary-generic-struct	batch-outcome	accepted-prefix	source-suffix	remainder-borrows-source	na:not-generational	accepted-count-and-remainder	wyst.storage.SpscPushBatch
core.storage.SpscPopBatch	ordinary-struct	batch-outcome	written-prefix	destination-length	copyable-value	na:not-generational	written-count	wyst.storage.SpscPopBatch
core.storage.spsc_close_producer	ordinary-generic-function	close-transition	release-close	same-ring	consumes-producer	preserved	closed-producer-receipt	wyst.storage.spsc_close_producer
core.storage.spsc_finish_consumer	ordinary-generic-function	drain-transition	acquire-close-and-tail	empty-ring-required	consumes-or-returns-consumer	checked	receipt|consumer-recovery	wyst.storage.spsc_finish_consumer
core.storage.spsc_ring_reset	ordinary-generic-function	quiescent-reset	metadata-only	matching-receipts	consumes-both-receipts	advance-or-permanent-exhaustion	ring|receipt-recovery	wyst.storage.spsc_ring_reset
core.storage.spsc_try_push_batch	ordinary-generic-function	bounded-push	release-each-accepted-slot	source-length	exclusive-endpoint-and-source-suffix	checked	accepted-prefix|full|closed	wyst.storage.spsc_try_push_batch
core.storage.spsc_try_pop_batch	ordinary-generic-function	bounded-pop	acquire-each-slot-before-copy	destination-length	exclusive-endpoint-and-destination	checked	written-prefix|empty|closed	wyst.storage.spsc_try_pop_batch
core.storage.spsc_ring_attach	ordinary-generic-function	attach-transition	metadata-only	checked-capacity-and-alignment	consumes-permanent-backing	initial-one	ring|backing-recovery	wyst.storage.spsc_ring_attach
core.storage.spsc_ring_split	ordinary-generic-function	endpoint-transition	unchanged	same-ring	consumes-ring-creates-one-of-each	carried	producer-and-consumer	wyst.storage.spsc_ring_split
core.storage.spsc_try_push	ordinary-generic-function	push-transition	typed-write-before-release	one-available-slot	exclusive-producer	checked-no-wrap	accepted|full-value|closed-value	wyst.storage.spsc_try_push
core.storage.spsc_try_pop	ordinary-generic-function	pop-transition	acquire-before-copy-release-before-reuse	one-occupied-slot	exclusive-consumer	checked-no-wrap	value|empty-open|drained-closed	wyst.storage.spsc_try_pop
